Node,X,Y
1,6.708283872896994,2.6323043825937598
2,1.3092139197125507,6.133982959091963
3,1.503071109810602,2.4535708546564927
4,5.988922621582006,8.885534606228182
5,2.431792656628443,9.724355598379157
6,5.220068527976903,5.872955164649215
7,9.699191366986303,5.955972411881478
